Date,DAILY_AQI_VALUE
2013-01-01,35
2013-01-04,18
2013-01-07,9
2013-01-10,15
2013-01-13,52
2013-01-16,39
2013-01-19,32
2013-01-25,15
2013-01-28,14
2013-01-31,11
2013-02-03,35
2013-02-06,8
2013-02-09,31
2013-02-12,10
2013-02-15,20
2013-02-18,24
2013-02-21,14
2013-02-24,16
2013-02-27,22
2013-03-02,9
2013-03-05,17
2013-03-08,20
2013-03-11,40
2013-03-14,17
2013-03-17,8
2013-03-20,9
2013-03-23,25
2013-03-26,31
2013-03-29,20
2013-04-01,21
2013-04-04,36
2013-04-07,5
2013-04-10,11
2013-04-13,10
2013-04-16,11
2013-04-19,5
2013-04-22,14
2013-04-25,26
2013-04-28,8
2013-05-01,19
2013-05-04,21
2013-05-07,33
2013-05-10,46
2013-05-13,10
2013-05-16,14
2013-05-19,13
2013-05-22,12
2013-05-25,13
2013-05-28,5
2013-05-31,12
2013-06-03,22
2013-06-06,23
2013-06-09,18
2013-06-12,8
2013-06-15,25
2013-06-18,10
2013-06-21,15
2013-06-24,8
2013-06-27,15
2013-06-30,32
2013-07-03,19
2013-07-06,29
2013-07-09,27
2013-07-12,18
2013-07-15,16
2013-07-18,27
2013-07-21,21
2013-07-24,27
2013-07-27,24
2013-07-30,24
2013-08-02,13
2013-08-05,38
2013-08-08,18
2013-08-11,24
2013-08-14,35
2013-08-17,13
2013-08-20,23
2013-08-23,9
2013-08-26,24
2013-08-29,11
2013-09-01,30
2013-09-04,35
2013-09-07,23
2013-09-10,29
2013-09-13,33
2013-09-16,10
2013-09-19,30
2013-09-22,10
2013-09-25,18
2013-09-28,7
2013-10-01,10
2013-10-04,30
2013-10-07,17
2013-10-10,42
2013-10-13,48
2013-10-16,56
2013-10-19,50
2013-10-22,36
2013-10-25,35
2013-10-28,15
2013-10-31,36
2013-11-03,23
2013-11-06,25
2013-11-09,25
2013-11-12,38
2013-11-15,12
2013-11-18,13
2013-11-21,30
2013-11-24,66
2013-11-27,55
2013-11-30,21
2013-12-03,25
2013-12-06,19
2013-12-09,63
2013-12-12,56
2013-12-15,11
2013-12-18,13
2013-12-21,22
2013-12-24,31
2013-12-27,59
2013-12-30,52
2013-01-01,36
2013-01-02,29
2013-01-03,19
2013-01-04,20
2013-01-05,23
2013-01-06,23
2013-01-07,11
2013-01-08,14
2013-01-09,11
2013-01-10,17
2013-01-11,36
2013-01-12,35
2013-01-13,50
2013-01-14,56
2013-01-15,43
2013-01-16,34
2013-01-17,58
2013-01-18,43
2013-01-19,27
2013-01-20,32
2013-01-21,42
2013-01-22,65
2013-01-23,47
2013-01-24,20
2013-01-25,18
2013-01-26,16
2013-01-27,11
2013-01-28,15
2013-01-29,16
2013-01-30,13
2013-01-31,15
2013-02-01,27
2013-02-02,35
2013-02-03,40
2013-02-04,37
2013-02-05,23
2013-02-06,12
2013-02-07,11
2013-02-08,28
2013-02-09,35
2013-02-10,37
2013-02-11,46
2013-02-12,16
2013-02-13,18
2013-02-14,24
2013-02-15,24
2013-02-16,21
2013-02-17,17
2013-02-18,25
2013-02-19,18
2013-02-20,29
2013-02-21,18
2013-02-22,15
2013-02-23,19
2013-02-24,19
2013-02-25,16
2013-02-26,18
2013-02-27,25
2013-02-28,14
2013-03-01,11
2013-03-02,13
2013-03-03,13
2013-03-04,11
2013-03-05,21
2013-03-06,20
2013-03-07,15
2013-03-08,25
2013-03-09,40
2013-03-10,44
2013-03-11,47
2013-03-12,17
2013-03-13,19
2013-03-14,23
2013-03-15,9
2013-03-16,9
2013-03-17,11
2013-03-18,12
2013-03-19,24
2013-03-20,11
2013-03-21,13
2013-03-22,15
2013-03-23,25
2013-03-24,37
2013-03-25,26
2013-03-26,38
2013-03-27,48
2013-03-28,52
2013-03-29,25
2013-03-30,42
2013-03-31,32
2013-04-01,27
2013-04-02,14
2013-04-03,38
2013-04-04,46
2013-04-05,10
2013-04-06,11
2013-04-07,10
2013-04-08,21
2013-04-09,22
2013-04-10,15
2013-04-11,13
2013-04-12,18
2013-04-13,13
2013-04-14,14
2013-04-15,26
2013-04-16,19
2013-04-17,19
2013-04-18,15
2013-04-19,11
2013-04-20,8
2013-04-21,10
2013-04-22,17
2013-04-23,28
2013-04-24,29
2013-04-25,28
2013-04-26,33
2013-04-27,15
2013-04-28,16
2013-04-29,12
2013-04-30,20
2013-05-01,20
2013-05-02,24
2013-05-03,20
2013-05-04,22
2013-05-05,30
2013-05-06,42
2013-05-07,36
2013-05-08,39
2013-05-09,56
2013-05-10,53
2013-05-11,36
2013-05-12,16
2013-05-13,13
2013-05-14,21
2013-05-15,29
2013-05-16,20
2013-05-17,10
2013-05-18,11
2013-05-19,15
2013-05-20,29
2013-05-21,16
2013-05-22,13
2013-05-23,12
2013-05-24,10
2013-05-25,14
2013-05-26,18
2013-05-27,9
2013-05-28,8
2013-05-29,10
2013-05-30,10
2013-05-31,15
2013-06-01,20
2013-06-02,17
2013-06-03,24
2013-06-04,30
2013-06-05,19
2013-06-06,27
2013-06-07,17
2013-06-08,27
2013-06-09,19
2013-06-10,18
2013-06-11,13
2013-06-12,9
2013-06-13,13
2013-06-14,11
2013-06-15,32
2013-06-16,21
2013-06-17,10
2013-06-18,11
2013-06-19,11
2013-06-20,9
2013-06-21,17
2013-06-22,26
2013-06-23,34
2013-06-24,10
2013-06-25,12
2013-06-26,14
2013-06-27,18
2013-06-28,33
2013-06-29,33
2013-06-30,38
2013-07-01,29
2013-07-02,25
2013-07-03,19
2013-07-04,45
2013-07-05,53
2013-07-06,30
2013-07-07,38
2013-07-08,32
2013-07-09,33
2013-07-10,28
2013-07-11,18
2013-07-12,18
2013-07-13,23
2013-07-14,25
2013-07-15,23
2013-07-16,27
2013-07-17,33
2013-07-18,34
2013-07-19,41
2013-07-20,40
2013-07-21,28
2013-07-22,29
2013-07-23,31
2013-07-24,29
2013-07-25,31
2013-07-26,25
2013-07-27,28
2013-07-28,25
2013-07-29,32
2013-07-30,27
2013-07-31,35
2013-08-01,15
2013-08-02,14
2013-08-03,33
2013-08-04,30
2013-08-05,39
2013-08-06,35
2013-08-07,36
2013-08-08,20
2013-08-09,33
2013-08-10,28
2013-08-11,22
2013-08-12,21
2013-08-13,26
2013-08-14,36
2013-08-15,30
2013-08-16,37
2013-08-17,14
2013-08-18,15
2013-08-19,23
2013-08-20,23
2013-08-21,26
2013-08-22,40
2013-08-23,10
2013-08-24,15
2013-08-25,22
2013-08-26,26
2013-08-27,21
2013-08-28,28
2013-08-29,18
2013-08-30,21
2013-08-31,33
2013-09-01,33
2013-09-02,21
2013-09-03,29
2013-09-04,44
2013-09-05,39
2013-09-06,18
2013-09-07,25
2013-09-08,39
2013-09-09,35
2013-09-10,33
2013-09-11,45
2013-09-12,48
2013-09-13,38
2013-09-14,51
2013-09-15,32
2013-09-16,12
2013-09-17,20
2013-09-18,22
2013-09-19,32
2013-09-20,21
2013-09-21,16
2013-09-22,13
2013-09-23,14
2013-09-24,15
2013-09-25,20
2013-09-26,39
2013-09-27,20
2013-09-28,12
2013-09-29,8
2013-09-30,14
2013-10-01,12
2013-10-02,13
2013-10-03,25
2013-10-04,32
2013-10-05,35
2013-10-06,45
2013-10-07,18
2013-10-08,21
2013-10-09,28
2013-10-10,43
2013-10-11,48
2013-10-12,51
2013-10-13,49
2013-10-14,43
2013-10-15,59
2013-10-16,58
2013-10-17,55
2013-10-18,43
2013-10-19,50
2013-10-20,57
2013-10-21,47
2013-10-22,38
2013-10-23,43
2013-10-24,58
2013-10-25,40
2013-10-26,52
2013-10-27,32
2013-10-28,18
2013-10-29,34
2013-10-30,30
2013-10-31,36
2013-11-01,39
2013-11-02,22
2013-11-03,26
2013-11-04,31
2013-11-05,21
2013-11-06,27
2013-11-07,14
2013-11-08,19
2013-11-09,25
2013-11-10,24
2013-11-11,34
2013-11-12,37
2013-11-13,22
2013-11-14,26
2013-11-15,16
2013-11-16,19
2013-11-17,8
2013-11-18,13
2013-11-19,10
2013-11-20,18
2013-11-21,28
2013-11-22,36
2013-11-23,53
2013-11-24,62
2013-11-25,80
2013-11-26,73
2013-11-27,53
2013-11-28,78
2013-11-29,41
2013-11-30,24
2013-12-01,10
2013-12-02,15
2013-12-03,21
2013-12-04,32
2013-12-05,41
2013-12-06,16
2013-12-07,25
2013-12-08,46
2013-12-09,57
2013-12-10,56
2013-12-11,57
2013-12-12,52
2013-12-13,25
2013-12-14,20
2013-12-15,13
2013-12-16,20
2013-12-17,28
2013-12-18,13
2013-12-19,25
2013-12-20,21
2013-12-21,20
2013-12-22,12
2013-12-23,9
2013-12-24,29
2013-12-25,43
2013-12-26,60
2013-12-27,56
2013-12-28,47
2013-12-29,43
2013-12-30,50
2013-01-01,40
2013-01-04,18
2013-01-10,20
2013-01-13,55
2013-01-16,44
2013-01-19,40
2013-01-22,66
2013-01-28,17
2013-01-31,21
2013-02-03,40
2013-02-06,11
2013-02-09,38
2013-02-12,7
2013-02-15,29
2013-02-21,19
2013-02-24,14
2013-03-02,11
2013-03-05,18
2013-03-11,39
2013-03-14,25
2013-03-17,11
2013-03-20,15
2013-03-23,22
2013-03-26,38
2013-03-29,23
2013-04-04,59
2013-04-10,17
2013-04-13,31
2013-04-16,13
2013-04-22,18
2013-04-25,36
2013-04-28,10
2013-05-01,20
2013-05-04,27
2013-05-07,38
2013-05-13,11
2013-05-16,21
2013-05-19,17
2013-05-22,13
2013-05-28,8
2013-06-03,26
2013-06-06,28
2013-06-09,16
2013-06-12,8
2013-06-15,29
2013-06-18,9
2013-06-24,9
2013-06-27,21
2013-06-30,35
2013-07-03,20
2013-07-06,35
2013-07-09,34
2013-07-12,22
2013-07-18,30
2013-07-21,29
2013-07-24,28
2013-07-27,30
2013-07-30,35
2013-08-05,44
2013-08-08,20
2013-08-11,23
2013-08-14,38
2013-08-17,10
2013-08-20,27
2013-08-23,26
2013-08-29,19
2013-09-01,31
2013-09-04,36
2013-09-07,25
2013-09-16,10
2013-09-19,29
2013-09-22,11
2013-09-25,20
2013-09-28,4
2013-10-01,14
2013-10-04,29
2013-10-10,45
2013-10-13,53
2013-10-16,58
2013-10-19,50
2013-10-22,33
2013-10-28,19
2013-10-31,34
2013-11-03,28
2013-11-06,29
2013-11-09,25
2013-11-15,15
2013-11-21,28
2013-11-24,74
2013-11-27,54
2013-12-03,22
2013-12-09,63
2013-12-12,58
2013-12-18,14
2013-12-21,19
2013-12-24,30
2013-12-27,60
2014-01-02,42
2014-01-05,33
2014-01-08,21
2014-01-11,6
2014-01-14,21
2014-01-17,30
2014-01-20,56
2014-01-23,53
2014-01-26,56
2014-01-29,13
2014-02-01,40
2014-02-04,15
2014-02-07,23
2014-02-10,22
2014-02-13,21
2014-02-16,7
2014-02-22,23
2014-02-25,14
2014-02-28,25
2014-03-03,13
2014-03-06,7
2014-03-09,8
2014-03-12,21
2014-03-15,20
2014-03-18,18
2014-03-21,13
2014-03-24,29
2014-03-27,8
2014-03-30,10
2014-04-02,15
2014-04-05,12
2014-04-08,9
2014-04-11,15
2014-04-14,32
2014-04-17,13
2014-04-20,28
2014-04-23,5
2014-04-26,13
2014-04-29,12
2014-05-02,18
2014-05-05,8
2014-05-08,29
2014-05-11,20
2014-05-14,40
2014-05-17,15
2014-05-20,20
2014-05-23,14
2014-05-26,13
2014-05-29,29
2014-06-01,28
2014-06-04,33
2014-06-07,15
2014-06-10,20
2014-06-13,19
2014-06-16,14
2014-06-19,13
2014-06-22,22
2014-06-25,23
2014-06-28,7
2014-07-01,33
2014-07-04,35
2014-07-07,25
2014-07-10,44
2014-07-13,44
2014-07-16,32
2014-07-19,9
2014-07-22,30
2014-07-25,20
2014-07-28,25
2014-07-31,19
2014-08-03,40
2014-08-06,20
2014-08-09,21
2014-08-12,55
2014-08-15,31
2014-08-18,30
2014-08-21,28
2014-08-24,53
2014-08-27,42
2014-08-30,15
2014-09-02,11
2014-09-05,27
2014-09-08,20
2014-09-11,12
2014-09-14,38
2014-09-17,50
2014-09-20,26
2014-09-23,25
2014-09-26,12
2014-09-29,25
2014-10-02,40
2014-10-05,52
2014-10-08,14
2014-10-11,12
2014-10-14,14
2014-10-17,15
2014-10-20,16
2014-10-23,9
2014-10-26,10
2014-10-29,15
2014-11-01,30
2014-11-04,12
2014-11-07,24
2014-11-10,16
2014-11-13,19
2014-11-16,44
2014-11-19,62
2014-11-22,16
2014-11-25,8
2014-11-28,8
2014-12-01,37
2014-12-04,52
2014-12-07,19
2014-12-10,5
2014-12-13,30
2014-12-16,8
2014-12-19,11
2014-12-22,27
2014-12-25,25
2014-12-28,14
2014-12-31,28
2014-01-01,38
2014-01-02,40
2014-01-03,19
2014-01-04,28
2014-01-05,29
2014-01-06,52
2014-01-07,38
2014-01-08,19
2014-01-09,18
2014-01-10,17
2014-01-11,12
2014-01-12,15
2014-01-13,12
2014-01-14,19
2014-01-15,35
2014-01-16,25
2014-01-17,25
2014-01-18,41
2014-01-19,42
2014-01-20,53
2014-01-21,58
2014-01-22,48
2014-01-23,49
2014-01-24,45
2014-01-25,59
2014-01-26,55
2014-01-27,58
2014-01-28,51
2014-01-29,14
2014-01-30,12
2014-01-31,13
2014-02-01,35
2014-02-02,22
2014-02-03,9
2014-02-04,14
2014-02-05,8
2014-02-06,8
2014-02-07,20
2014-02-08,14
2014-02-09,21
2014-02-10,21
2014-02-11,15
2014-02-12,11
2014-02-13,19
2014-02-14,15
2014-02-15,12
2014-02-16,7
2014-02-17,8
2014-02-18,10
2014-02-19,8
2014-02-20,13
2014-02-21,14
2014-02-22,22
2014-02-23,20
2014-02-24,18
2014-02-25,17
2014-02-26,28
2014-02-27,33
2014-02-28,28
2014-03-01,14
2014-03-02,14
2014-03-03,8
2014-03-04,18
2014-03-05,11
2014-03-06,8
2014-03-07,9
2014-03-08,16
2014-03-09,10
2014-03-10,15
2014-03-11,22
2014-03-12,26
2014-03-13,29
2014-03-14,18
2014-03-15,22
2014-03-16,9
2014-03-17,15
2014-03-18,18
2014-03-19,9
2014-03-20,14
2014-03-21,14
2014-03-22,27
2014-03-23,18
2014-03-24,33
2014-03-25,25
2014-03-26,13
2014-03-27,11
2014-03-28,9
2014-03-29,10
2014-03-30,13
2014-03-31,17
2014-04-01,18
2014-04-02,17
2014-04-03,15
2014-04-04,10
2014-04-05,14
2014-04-06,10
2014-04-07,16
2014-04-08,9
2014-04-09,12
2014-04-10,16
2014-04-11,16
2014-04-12,18
2014-04-13,26
2014-04-14,36
2014-04-15,17
2014-04-16,18
2014-04-17,15
2014-04-18,17
2014-04-19,18
2014-04-20,32
2014-04-21,33
2014-04-22,13
2014-04-23,8
2014-04-24,9
2014-04-25,15
2014-04-26,13
2014-04-27,8
2014-04-28,15
2014-04-29,20
2014-04-30,27
2014-05-01,40
2014-05-02,20
2014-05-03,14
2014-05-04,8
2014-05-05,9
2014-05-06,20
2014-05-07,30
2014-05-08,25
2014-05-09,10
2014-05-10,14
2014-05-11,30
2014-05-12,25
2014-05-13,29
2014-05-14,40
2014-05-15,38
2014-05-16,30
2014-05-17,15
2014-05-18,15
2014-05-19,15
2014-05-20,21
2014-05-21,24
2014-05-22,23
2014-05-23,16
2014-05-24,17
2014-05-25,20
2014-05-26,15
2014-05-27,14
2014-05-28,21
2014-05-29,32
2014-05-30,29
2014-05-31,33
2014-06-01,31
2014-06-02,45
2014-06-03,32
2014-06-04,36
2014-06-05,33
2014-06-06,25
2014-06-07,18
2014-06-08,22
2014-06-09,18
2014-06-10,23
2014-06-11,23
2014-06-12,15
2014-06-13,20
2014-06-14,29
2014-06-15,16
2014-06-16,15
2014-06-17,22
2014-06-18,24
2014-06-19,17
2014-06-20,13
2014-06-21,19
2014-06-22,24
2014-06-23,25
2014-06-24,11
2014-06-25,25
2014-06-26,18
2014-06-27,10
2014-06-28,10
2014-06-29,12
2014-06-30,23
2014-07-01,36
2014-07-02,25
2014-07-03,13
2014-07-04,30
2014-07-05,62
2014-07-06,34
2014-07-07,33
2014-07-08,22
2014-07-09,25
2014-07-10,25
2014-07-11,37
2014-07-12,51
2014-07-13,50
2014-07-14,30
2014-07-15,40
2014-07-16,35
2014-07-17,34
2014-07-18,35
2014-07-19,11
2014-07-20,13
2014-07-21,21
2014-07-22,32
2014-07-23,30
2014-07-24,14
2014-07-25,18
2014-07-26,20
2014-07-27,24
2014-07-28,28
2014-07-29,19
2014-07-30,20
2014-07-31,20
2014-08-01,32
2014-08-02,55
2014-08-03,44
2014-08-04,40
2014-08-05,22
2014-08-06,20
2014-08-07,27
2014-08-08,27
2014-08-09,21
2014-08-10,34
2014-08-11,60
2014-08-12,56
2014-08-13,13
2014-08-14,30
2014-08-15,35
2014-08-16,30
2014-08-17,34
2014-08-18,33
2014-08-19,30
2014-08-20,28
2014-08-21,30
2014-08-22,38
2014-08-23,55
2014-08-24,57
2014-08-25,54
2014-08-26,54
2014-08-27,45
2014-08-28,14
2014-08-29,15
2014-08-30,18
2014-08-31,19
2014-09-01,22
2014-09-02,12
2014-09-03,23
2014-09-04,25
2014-09-05,26
2014-09-06,35
2014-09-07,45
2014-09-08,20
2014-09-09,20
2014-09-10,24
2014-09-11,13
2014-09-12,15
2014-09-13,29
2014-09-14,40
2014-09-15,58
2014-09-16,43
2014-09-17,52
2014-09-18,33
2014-09-19,18
2014-09-20,26
2014-09-21,28
2014-09-22,13
2014-09-23,27
2014-09-24,15
2014-09-25,17
2014-09-26,14
2014-09-27,25
2014-09-28,42
2014-09-29,28
2014-09-30,20
2014-10-01,25
2014-10-02,34
2014-10-03,41
2014-10-04,60
2014-10-05,56
2014-10-06,37
2014-10-07,50
2014-10-08,37
2014-10-09,39
2014-10-10,28
2014-10-11,14
2014-10-12,25
2014-10-13,25
2014-10-14,18
2014-10-15,14
2014-10-16,14
2014-10-17,17
2014-10-18,16
2014-10-19,20
2014-10-20,18
2014-10-21,15
2014-10-22,11
2014-10-23,12
2014-10-24,13
2014-10-25,22
2014-10-26,13
2014-10-27,19
2014-10-28,18
2014-10-29,18
2014-10-30,18
2014-10-31,21
2014-11-01,34
2014-11-02,25
2014-11-03,12
2014-11-04,15
2014-11-05,29
2014-11-06,18
2014-11-07,27
2014-11-08,36
2014-11-09,32
2014-11-10,19
2014-11-11,18
2014-11-12,7
2014-11-13,14
2014-11-14,34
2014-11-15,38
2014-11-16,39
2014-11-17,58
2014-11-18,83
2014-11-19,61
2014-11-20,43
2014-11-21,21
2014-11-22,18
2014-11-23,17
2014-11-24,20
2014-11-25,10
2014-11-26,14
2014-11-27,8
2014-11-28,9
2014-11-29,17
2014-11-30,25
2014-12-01,33
2014-12-02,28
2014-12-03,33
2014-12-04,52
2014-12-05,28
2014-12-06,16
2014-12-07,20
2014-12-08,10
2014-12-09,11
2014-12-10,9
2014-12-11,8
2014-12-12,14
2014-12-13,32
2014-12-14,21
2014-12-15,16
2014-12-16,10
2014-12-17,32
2014-12-18,18
2014-12-19,13
2014-12-20,9
2014-12-21,18
2014-12-22,28
2014-12-23,16
2014-12-24,21
2014-12-25,25
2014-12-26,37
2014-12-27,15
2014-12-28,12
2014-12-29,14
2014-12-30,13
2014-12-31,28
2014-01-02,45
2014-01-05,33
2014-01-08,20
2014-01-11,8
2014-01-14,21
2014-01-17,29
2014-01-23,52
2014-01-26,60
2014-01-29,0
2014-02-01,36
2014-02-04,18
2014-02-10,24
2014-02-13,23
2014-02-16,9
2014-02-19,23
2014-02-22,27
2014-02-25,21
2014-02-28,42
2014-03-06,6
2014-03-09,8
2014-03-12,28
2014-03-15,30
2014-03-18,21
2014-03-24,34
2014-03-27,13
2014-03-30,18
2014-04-02,23
2014-04-05,23
2014-04-08,17
2014-04-11,20
2014-04-14,46
2014-04-17,15
2014-04-20,36
2014-04-23,9
2014-04-26,18
2014-04-29,23
2014-05-02,18
2014-05-05,14
2014-05-08,30
2014-05-11,24
2014-05-14,44
2014-05-17,15
2014-05-20,17
2014-05-23,18
2014-05-26,18
2014-05-29,33
2014-06-01,33
2014-06-04,37
2014-06-07,21
2014-06-10,23
2014-06-19,28
2014-06-22,23
2014-06-28,8
2014-07-01,36
2014-07-04,43
2014-07-07,27
2014-07-10,40
2014-07-13,46
2014-07-16,37
2014-07-19,10
2014-07-22,30
2014-07-25,19
2014-07-28,30
2014-07-31,23
2014-08-03,46
2014-08-06,22
2014-08-09,32
2014-08-12,56
2014-08-15,35
2014-08-18,48
2014-08-21,33
2014-08-24,58
2014-08-27,46
2014-08-30,27
2014-09-02,16
2014-09-05,38
2014-09-08,22
2014-09-11,20
2014-09-14,42
2014-09-17,58
2014-09-20,34
2014-09-23,27
2014-09-26,19
2014-09-29,29
2015-01-01,70
2015-01-02,75
2015-01-03,62
2015-01-04,37
2015-01-05,31
2015-01-06,59
2015-01-07,50
2015-01-08,49
2015-01-09,71
2015-01-10,61
2015-01-11,57
2015-01-12,44
2015-01-13,42
2015-01-14,57
2015-01-15,52
2015-01-16,45
2015-01-17,38
2015-01-18,28
2015-01-19,45
2015-01-20,39
2015-01-21,67
2015-01-22,62
2015-01-23,55
2015-01-24,36
2015-01-25,55
2015-01-26,54
2015-01-27,48
2015-01-28,39
2015-01-29,38
2015-01-30,68
2015-01-31,63
2015-02-01,64
2015-02-02,46
2015-02-03,46
2015-02-04,44
2015-02-05,31
2015-02-06,38
2015-02-07,30
2015-02-08,37
2015-02-09,46
2015-02-10,38
2015-02-11,69
2015-02-12,59
2015-02-13,67
2015-02-14,43
2015-02-15,38
2015-02-16,40
2015-02-17,53
2015-02-18,62
2015-02-19,56
2015-02-20,52
2015-02-21,35
2015-02-22,52
2015-02-23,55
2015-02-24,65
2015-02-25,56
2015-02-26,52
2015-02-27,25
2015-02-28,34
2015-03-01,57
2015-03-02,35
2015-03-03,42
2015-03-04,56
2015-03-05,63
2015-03-06,66
2015-03-07,63
2015-03-08,63
2015-03-09,62
2015-03-10,55
2015-03-11,52
2015-03-12,45
2015-03-13,52
2015-03-14,35
2015-03-15,28
2015-03-16,30
2015-03-17,52
2015-03-18,38
2015-03-19,43
2015-03-20,58
2015-03-21,34
2015-03-22,42
2015-03-23,36
2015-03-24,33
2015-03-25,38
2015-03-26,53
2015-03-27,51
2015-03-28,28
2015-03-29,42
2015-03-30,44
2015-03-31,25
2015-04-01,38
2015-04-02,45
2015-04-03,44
2015-04-04,40
2015-04-05,41
2015-04-06,31
2015-04-07,35
2015-04-08,52
2015-04-09,52
2015-04-10,39
2015-04-11,32
2015-04-12,29
2015-04-13,42
2015-04-14,34
2015-04-15,37
2015-04-16,40
2015-04-17,43
2015-04-18,38
2015-04-19,51
2015-04-20,57
2015-04-21,43
2015-04-22,32
2015-04-23,39
2015-04-24,30
2015-04-25,34
2015-04-26,36
2015-04-27,45
2015-05-01,38
2015-05-02,40
2015-05-03,48
2015-05-04,47
2015-05-05,35
2015-05-06,33
2015-05-07,43
2015-05-08,45
2015-05-09,57
2015-05-10,54
2015-05-11,49
2015-05-12,52
2015-05-13,49
2015-05-14,56
2015-05-15,55
2015-05-16,43
2015-05-17,52
2015-05-18,52
2015-05-19,59
2015-05-20,61
2015-05-21,62
2015-05-22,45
2015-05-23,37
2015-05-24,34
2015-05-25,34
2015-05-26,52
2015-05-27,61
2015-05-28,60
2015-05-29,62
2015-05-30,54
2015-05-31,57
2015-06-01,53
2015-06-02,25
2015-06-03,17
2015-06-04,10
2015-06-05,17
2015-06-06,35
2015-06-07,35
2015-06-08,28
2015-06-09,36
2015-06-10,48
2015-06-11,34
2015-06-12,24
2015-06-13,29
2015-06-14,21
2015-06-15,32
2015-06-16,31
2015-06-17,22
2015-06-18,18
2015-06-19,18
2015-06-20,13
2015-06-21,20
2015-06-22,28
2015-06-23,24
2015-06-24,20
2015-06-26,20
2015-06-27,24
2015-06-28,43
2015-06-29,45
2015-06-30,30
2015-07-01,25
2015-07-02,49
2015-07-03,47
2015-07-04,49
2015-07-05,69
2015-07-06,56
2015-07-07,40
2015-07-08,69
2015-07-09,60
2015-07-10,30
2015-07-11,23
2015-07-12,14
2015-07-13,16
2015-07-14,15
2015-07-15,16
2015-07-16,21
2015-07-17,24
2015-07-18,35
2015-07-19,40
2015-07-20,23
2015-07-21,18
2015-07-22,29
2015-07-23,20
2015-07-24,22
2015-07-25,10
2015-07-26,16
2015-07-27,26
2015-07-28,18
2015-07-29,26
2015-07-30,32
2015-07-31,43
2015-08-01,23
2015-08-02,31
2015-08-03,39
2015-08-04,26
2015-08-05,15
2015-08-06,18
2015-08-07,20
2015-08-08,13
2015-08-09,18
2015-08-10,36
2015-08-11,30
2015-08-12,54
2015-08-13,52
2015-08-14,27
2015-08-15,23
2015-08-16,27
2015-08-19,39
2015-08-20,24
2015-08-21,33
2015-08-22,56
2015-08-23,67
2015-08-24,33
2015-08-25,20
2015-08-26,33
2015-08-27,46
2015-08-28,24
2015-08-29,18
2015-08-30,16
2015-08-31,24
2015-09-01,18
2015-09-02,17
2015-09-03,21
2015-09-04,17
2015-09-05,20
2015-09-06,13
2015-09-07,31
2015-09-08,29
2015-09-09,16
2015-09-10,18
2015-09-11,32
2015-09-12,44
2015-09-13,25
2015-09-14,23
2015-09-15,18
2015-09-16,22
2015-09-17,18
2015-09-18,20
2015-09-19,22
2015-09-20,5
2015-09-21,16
2015-09-22,25
2015-09-23,25
2015-09-24,28
2015-09-25,11
2015-09-26,15
2015-09-27,19
2015-09-28,20
2015-09-29,42
2015-09-30,59
2015-10-01,59
2015-10-02,43
2015-10-03,18
2015-10-04,24
2015-10-05,48
2015-10-06,52
2015-10-07,27
2015-10-08,58
2015-10-09,46
2015-10-10,15
2015-10-12,34
2015-10-13,28
2015-10-14,35
2015-10-15,40
2015-10-16,56
2015-10-17,60
2015-10-18,34
2015-10-19,24
2015-10-20,33
2015-10-21,48
2015-10-22,33
2015-10-23,45
2015-10-24,55
2015-10-25,45
2015-10-26,19
2015-10-27,43
2015-10-28,40
2015-10-29,27
2015-10-30,19
2015-10-31,13
2015-11-01,13
2015-11-02,22
2015-11-03,36
2015-11-04,46
2015-11-05,52
2015-11-06,51
2015-11-07,38
2015-11-08,20
2015-11-09,28
2015-11-10,42
2015-11-11,28
2015-11-12,24
2015-11-13,20
2015-11-14,9
2015-11-15,21
2015-11-16,25
2015-11-17,13
2015-11-18,27
2015-11-19,25
2015-11-20,44
2015-11-21,30
2015-11-22,51
2015-11-23,78
2015-11-24,31
2015-11-25,26
2015-11-26,41
2015-11-27,52
2015-11-28,71
2015-11-29,81
2015-11-30,69
2015-12-01,30
2015-12-02,20
2015-12-03,13
2015-12-04,20
2015-12-05,15
2015-12-06,10
2015-12-07,25
2015-12-08,17
2015-12-09,25
2015-12-10,16
2015-12-11,24
2015-12-12,24
2015-12-13,15
2015-12-14,32
2015-12-15,50
2015-12-16,24
2015-12-17,17
2015-12-18,17
2015-12-19,18
2015-12-20,10
2015-12-21,14
2015-12-22,22
2015-12-23,15
2015-12-24,19
2015-12-25,36
2015-12-26,34
2015-12-27,19
2015-12-28,32
2015-12-29,33
2015-12-30,22
2015-12-31,43
2016-01-01,60
2016-01-02,60
2016-01-03,25
2016-01-04,30
2016-01-05,54
2016-01-06,52
2016-01-07,59
2016-01-08,69
2016-01-09,67
2016-01-10,34
2016-01-11,32
2016-01-12,18
2016-01-13,22
2016-01-14,30
2016-01-15,32
2016-01-20,30
2016-01-21,27
2016-01-22,21
2016-01-23,29
2016-01-24,23
2016-01-25,33
2016-01-26,31
2016-01-27,31
2016-01-28,33
2016-01-29,30
2016-01-30,18
2016-01-31,20
2016-02-01,31
2016-02-02,32
2016-02-03,18
2016-02-04,28
2016-02-05,40
2016-02-08,46
2016-02-09,57
2016-02-10,46
2016-02-11,51
2016-02-12,28
2016-02-13,21
2016-02-14,18
2016-02-15,19
2016-02-16,28
2016-02-17,40
2016-02-18,25
2016-02-22,30
2016-02-23,25
2016-02-24,53
2016-02-25,55
2016-02-26,57
2016-03-03,31
2016-03-04,37
2016-03-11,41
2016-03-12,19
2016-03-18,10
2016-03-19,48
2016-03-30,44
2016-04-01,61
2016-04-08,53
2016-04-09,41
2016-04-10,31
2016-04-11,27
2016-04-12,28
2016-04-13,34
2016-04-14,21
2016-04-15,33
2016-04-16,45
2016-04-17,52
2016-04-18,60
2016-04-19,64
2016-04-20,62
2016-04-21,40
2016-04-22,29
2016-04-23,26
2016-04-24,18
2016-04-25,29
2016-04-26,35
2016-04-27,33
2016-04-28,39
2016-04-29,25
2016-04-30,31
2016-05-01,40
2016-05-02,54
2016-05-03,45
2016-05-04,19
2016-05-05,26
2016-05-06,28
2016-05-07,42
2016-05-08,27
2016-05-09,35
2016-05-10,29
2016-05-11,33
2016-05-12,34
2016-05-13,46
2016-05-14,38
2016-05-15,33
2016-05-16,37
2016-05-17,32
2016-05-18,33
2016-05-19,18
2016-05-20,27
2016-05-21,31
2016-05-22,20
2016-05-23,26
2016-05-24,32
2016-05-25,30
2016-05-26,29
2016-05-27,20
2016-05-28,21
2016-05-29,15
2016-06-01,32
2016-06-02,21
2016-06-03,36
2016-06-04,22
2016-06-05,40
2016-06-06,42
2016-06-07,33
2016-06-08,31
2016-06-09,24
2016-06-10,19
2016-06-11,16
2016-06-12,17
2016-06-13,18
2016-06-14,15
2016-06-15,20
2016-06-16,21
2016-06-17,27
2016-06-18,27
2016-06-19,23
2016-06-20,35
2016-06-21,29
2016-06-22,26
2016-06-23,22
2016-06-24,23
2016-06-25,21
2016-06-26,28
2016-06-27,39
2016-06-28,38
2016-06-29,40
2016-06-30,40
2016-07-01,34
2016-07-02,22
2016-07-03,23
2016-07-04,31
2016-07-05,37
2016-07-06,33
2016-07-07,30
2016-07-08,25
2016-07-09,21
2016-07-10,26
2016-07-11,22
2016-07-12,25
2016-07-13,26
2016-07-14,26
2016-07-15,33
2016-07-16,29
2016-07-17,40
2016-07-18,31
2016-07-19,24
2016-07-20,26
2016-07-21,32
2016-07-22,30
2016-07-23,20
2016-07-24,24
2016-07-25,40
2016-07-26,46
2016-07-27,42
2016-07-28,45
2016-07-29,45
2016-07-30,36
2016-07-31,31
2016-08-01,43
2016-08-02,25
2016-08-03,38
2016-08-04,35
2016-08-05,37
2016-08-06,33
2016-08-07,23
2016-08-08,32
2016-08-09,27
2016-08-10,36
2016-08-11,35
2016-08-12,52
2016-08-13,55
2016-08-14,27
2016-08-15,32
2016-08-16,41
2016-08-17,38
2016-08-18,34
2016-08-19,52
2016-08-20,65
2016-08-21,27
2016-08-22,31
2016-08-23,30
2016-08-24,31
2016-08-25,49
2016-08-26,61
2016-08-27,27
2016-08-28,26
2016-08-29,48
2016-08-30,23
2016-08-31,30
2016-09-01,28
2016-09-02,23
2016-09-03,23
2016-09-04,33
2016-09-05,22
2016-09-06,34
2016-09-07,34
2016-09-08,30
2016-09-09,43
2016-09-10,40
2016-09-11,31
2016-09-12,25
2016-09-13,33
2016-09-14,53
2016-09-15,56
2016-09-16,60
2016-09-17,23
2016-09-18,29
2016-09-19,31
2016-09-20,31
2016-09-21,29
2016-09-22,40
2016-09-23,30
2016-09-24,35
2016-09-25,48
2016-09-26,36
2016-09-27,17
2016-09-28,33
2016-09-29,36
2016-09-30,57
2016-10-01,31
2016-10-02,34
2016-10-03,36
2016-10-04,28
2016-10-05,31
2016-10-06,40
2016-10-11,24
2016-10-12,44
2016-10-13,20
2016-10-14,13
2016-10-15,6
2016-10-16,12
2016-10-17,16
2016-10-18,18
2016-10-19,34
2016-10-20,30
2016-10-21,28
2016-10-22,33
2016-10-23,30
2016-10-24,40
2016-10-25,14
2016-10-26,23
2016-10-27,21
2016-10-28,25
2016-10-29,35
2016-10-30,25
2016-10-31,18
2016-11-01,23
2016-11-02,27
2016-11-03,43
2016-11-04,56
2016-11-05,29
2016-11-06,16
2016-11-07,42
2016-11-08,47
2016-11-09,32
2016-11-10,56
2016-11-11,62
2016-11-12,31
2016-11-13,20
2016-11-14,20
2016-11-15,15
2016-11-16,20
2016-11-17,27
2016-11-18,26
2016-11-19,15
2016-11-20,10
2016-11-21,18
2016-11-22,22
2016-11-23,13
2016-11-24,7
2016-11-25,24
2016-11-26,18
2016-11-27,10
2016-11-28,24
2016-11-29,24
2016-11-30,16
2016-12-01,25
2016-12-02,16
2016-12-03,22
2016-12-04,14
2016-12-05,20
2016-12-06,18
2016-12-07,19
2016-12-08,10
2016-12-09,11
2016-12-10,13
2016-12-11,13
2016-12-12,16
2016-12-13,23
2016-12-14,19
2016-12-15,23
2016-12-16,29
2016-12-17,49
2016-12-18,56
2016-12-19,23
2016-12-20,35
2016-12-21,56
2016-12-22,45
2016-12-23,22
2016-12-24,38
2016-12-25,55
2016-12-26,18
2016-12-27,14
2016-12-28,22
2016-12-29,26
2016-12-30,23
2016-12-31,29
2017-01-01,24
2017-01-02,18
2017-01-03,15
2017-01-04,20
2017-01-05,51
2017-01-06,49
2017-01-07,25
2017-01-08,26
2017-01-09,26
2017-01-10,17
2017-01-11,23
2017-01-12,32
2017-01-13,33
2017-01-14,48
2017-01-15,79
2017-01-16,70
2017-01-17,46
2017-01-18,8
2017-01-19,16
2017-01-20,18
2017-01-21,45
2017-01-22,18
2017-01-23,25
2017-01-24,57
2017-01-25,61
2017-01-26,54
2017-01-27,30
2017-01-28,31
2017-01-29,31
2017-01-30,20
2017-01-31,13
2017-02-01,11
2017-02-02,9
2017-02-03,25
2017-02-04,18
2017-02-05,10
2017-02-06,22
2017-02-07,18
2017-02-08,22
2017-02-09,13
2017-02-10,15
2017-02-11,19
2017-02-12,32
2017-02-13,43
2017-02-14,62
2017-02-15,21
2017-02-16,18
2017-02-17,16
2017-02-18,25
2017-02-19,13
2017-02-20,18
2017-02-21,20
2017-02-22,19
2017-02-23,35
2017-02-24,26
2017-02-25,27
2017-02-26,10
2017-02-27,23
2017-02-28,23
2017-03-01,16
2017-03-02,16
2017-03-03,13
2017-03-04,9
2017-03-05,8
2017-03-06,12
2017-03-07,11
2017-03-08,20
2017-03-09,24
2017-03-10,19
2017-03-11,25
2017-03-12,15
2017-03-13,28
2017-03-14,17
2017-03-15,14
2017-03-16,18
2017-03-17,30
2017-03-18,10
2017-03-19,19
2017-03-20,20
2017-03-21,32
2017-03-22,13
2017-03-23,18
2017-03-24,17
2017-03-25,14
2017-03-26,14
2017-03-27,19
2017-03-28,13
2017-03-29,8
2017-03-30,15
2017-03-31,43
2017-04-01,31
2017-04-02,23
2017-04-03,29
2017-04-04,42
2017-04-05,28
2017-04-06,20
2017-04-07,19
2017-04-08,17
2017-04-09,25
2017-04-10,21
2017-04-11,14
2017-04-12,20
2017-04-13,20
2017-04-14,20
2017-04-15,23
2017-04-16,31
2017-04-17,27
2017-04-18,25
2017-04-19,31
2017-04-20,28
2017-04-21,20
2017-04-22,13
2017-04-23,15
2017-04-24,15
2017-04-25,14
2017-04-26,13
2017-04-27,20
2017-04-28,26
2017-04-29,24
2017-04-30,13
2017-05-01,21
2017-05-02,28
2017-05-03,29
2017-05-04,38
2017-05-05,19
2017-05-06,15
2017-05-07,13
2017-05-08,25
2017-05-09,28
2017-05-10,33
2017-05-11,15
2017-05-12,15
2017-05-13,12
2017-05-14,14
2017-05-15,15
2017-05-16,14
2017-05-17,21
2017-05-18,34
2017-05-19,31
2017-05-20,21
2017-05-21,32
2017-05-22,42
2017-05-23,46
2017-05-24,24
2017-05-25,39
2017-05-26,39
2017-05-27,51
2017-05-28,49
2017-05-29,37
2017-05-30,26
2017-05-31,23
2017-06-01,18
2017-06-02,19
2017-06-03,20
2017-06-04,23
2017-06-05,29
2017-06-06,31
2017-06-07,32
2017-06-08,21
2017-06-09,22
2017-06-10,17
2017-06-11,22
2017-06-12,34
2017-06-13,22
2017-06-17,18
2017-06-18,19
2017-06-19,28
2017-06-20,24
2017-06-21,25
2017-06-22,20
2017-06-23,25
2017-06-24,30
2017-06-25,51
2017-06-26,37
2017-06-27,33
2017-06-28,34
2017-06-29,46
2017-06-30,45
2017-07-01,35
2017-07-02,34
2017-07-03,20
2017-07-04,42
2017-07-05,71
2017-07-06,46
2017-07-07,31
2017-07-08,21
2017-07-09,21
2017-07-10,28
2017-07-11,27
2017-07-12,29
2017-07-13,18
2017-07-14,26
2017-07-15,16
2017-07-16,17
2017-07-17,20
2017-07-18,30
2017-07-19,30
2017-07-20,16
2017-07-21,28
2017-07-22,18
2017-07-23,15
2017-07-24,28
2017-07-25,32
2017-07-26,33
2017-07-27,27
2017-07-28,24
2017-07-29,20
2017-07-30,18
2017-07-31,27
2017-08-01,62
2017-08-02,120
2017-08-03,151
2017-08-04,139
2017-08-05,54
2017-08-06,65
2017-08-07,91
2017-08-08,110
2017-08-09,135
2017-08-10,107
2017-08-11,71
2017-08-12,13
2017-08-13,9
2017-08-14,28
2017-08-15,31
2017-08-16,34
2017-08-17,16
2017-08-18,28
2017-08-19,17
2017-08-20,17
2017-08-21,18
2017-08-22,45
2017-08-23,19
2017-08-24,24
2017-08-25,20
2017-08-26,21
2017-08-27,25
2017-08-28,54
2017-08-29,69
2017-08-30,12
2017-08-31,27
2017-09-01,24
2017-09-02,22
2017-09-03,21
2017-09-04,28
2017-09-05,82
2017-09-06,98
2017-09-07,78
2017-09-08,61
2017-09-09,22
2017-09-10,28
2017-09-11,31
2017-09-12,20
2017-09-13,35
2017-09-14,21
2017-09-15,52
2017-09-16,97
2017-09-17,49
2017-09-18,20
2017-09-19,23
2017-09-20,18
2017-09-21,32
2017-09-22,43
2017-09-23,43
2017-09-24,46
2017-09-25,31
2017-09-26,32
2017-09-27,38
2017-09-28,58
2017-09-29,25
2017-09-30,21
2017-10-01,18
2017-10-02,28
2017-10-03,23
2017-10-04,34
2017-10-05,61
2017-10-06,35
2017-10-07,21
2017-10-08,25
2017-10-09,42
2017-10-10,28
2017-10-11,23
2017-10-12,17
2017-10-13,14
2017-10-14,23
2017-10-15,28
2017-10-16,34
2017-10-17,28
2017-10-18,25
2017-10-19,16
2017-10-20,22
2017-10-21,13
2017-10-22,28
2017-10-23,46
2017-10-24,30
2017-10-25,53
2017-10-26,36
2017-10-27,51
2017-10-28,81
2017-10-29,77
2017-10-30,60
2017-10-31,61
2017-11-01,29
2017-11-02,15
2017-11-03,24
2017-11-04,35
2017-11-05,35
2017-11-06,52
2017-11-30,20
2017-12-01,20
2017-12-02,17
2017-12-03,27
2017-12-04,48
2017-12-05,29
2017-12-06,33
2017-12-07,58
2017-12-08,75
2017-12-09,86
2017-12-10,55
2017-12-11,69
2017-12-12,54
2017-12-13,50
2017-12-14,62
2017-12-15,54
2017-12-16,30
2017-12-17,12
2017-12-18,4
2017-12-19,15
2017-12-20,25
2017-12-21,30
2017-12-22,24
2017-12-23,17
2017-12-24,17
2017-12-25,45
2017-12-26,36
2017-12-27,36
2017-12-28,18
2017-12-29,13
2017-12-30,21
2017-12-31,27
2018-01-01,40
2018-01-02,33
2018-01-03,40
2018-01-04,70
2018-01-05,45
2018-01-06,21
2018-01-07,30
2018-01-08,34
2018-01-09,19
2018-01-10,23
2018-01-11,14
2018-01-12,19
2018-01-13,23
2018-01-14,40
2018-01-15,55
2018-01-16,27
2018-01-17,33
2018-01-18,20
2018-01-19,18
2018-01-20,9
2018-01-21,4
2018-01-22,21
2018-01-23,14
2018-01-24,8
2018-01-25,17
2018-01-26,14
2018-01-27,13
2018-01-28,13
2018-01-29,19
2018-01-30,27
2018-01-31,23
2018-02-01,18
2018-02-02,15
2018-02-03,9
2018-02-04,5
2018-02-05,15
2018-02-06,15
2018-02-07,27
2018-02-08,20
2018-02-09,22
2018-02-10,25
2018-02-11,35
2018-02-12,14
2018-02-13,44
2018-02-14,26
2018-02-15,36
2018-02-16,20
2018-02-21,29
2018-02-23,25
2018-02-24,20
2018-02-25,15
2018-02-26,25
2018-02-27,24
2018-02-28,21
2018-03-01,27
2018-03-02,26
2018-03-03,23
2018-03-04,39
2018-03-05,23
2018-03-06,18
2018-03-07,21
2018-03-08,30
2018-03-09,32
2018-03-10,35
2018-03-11,52
2018-03-12,51
2018-03-13,22
2018-03-14,21
2018-03-15,29
2018-03-16,27
2018-03-17,36
2018-03-18,20
2018-03-19,37
2018-03-20,27
2018-03-21,52
2018-03-22,26
2018-03-23,11
2018-03-24,21
2018-03-25,24
2018-03-26,15
2018-03-27,15
2018-03-28,22
2018-03-29,26
2018-03-30,25
2018-03-31,29
2018-04-01,15
2018-04-02,18
2018-04-03,28
2018-04-04,14
2018-04-05,34
2018-04-06,23
2018-04-07,25
2018-04-08,13
2018-04-09,25
2018-04-10,30
2018-04-11,15
2018-04-12,17
2018-04-13,18
2018-04-14,18
2018-04-15,15
2018-04-16,20
2018-04-21,38
2018-04-22,38
2018-04-23,32
2018-04-24,38
2018-04-25,35
2018-04-26,44
2018-04-27,34
2018-04-28,27
2018-04-29,15
2018-04-30,30
2018-05-01,38
2018-05-02,41
2018-05-03,48
2018-05-04,18
2018-05-05,28
2018-05-06,45
2018-05-07,27
2018-05-08,34
2018-05-09,18
2018-05-10,22
2018-05-11,25
2018-05-12,26
2018-05-13,50
2018-05-14,58
2018-05-15,35
2018-05-16,20
2018-05-17,23
2018-05-18,39
2018-05-19,57
2018-05-20,28
2018-05-21,26
2018-05-22,33
2018-05-23,44
2018-05-24,22
2018-05-25,28
2018-05-26,23
2018-05-27,28
2018-05-28,22
2018-05-29,27
2018-05-30,22
2018-05-31,20
2018-06-01,14
2018-06-02,26
2018-06-03,28
2018-06-04,15
2018-06-05,21
2018-06-06,21
2018-06-07,21
2018-06-08,31
2018-06-09,22
2018-06-10,10
2018-06-11,26
2018-06-12,29
2018-06-13,20
2018-06-14,21
2018-06-15,22
2018-06-16,25
2018-06-17,36
2018-06-18,53
2018-06-19,51
2018-06-20,51
2018-06-21,26
2018-06-22,18
2018-06-23,23
2018-06-24,28
2018-06-25,17
2018-06-26,20
2018-06-27,28
2018-06-28,33
2018-06-29,33
2018-06-30,24
2018-07-01,8
2018-07-02,10
2018-07-03,30
2018-07-04,46
2018-07-05,52
2018-07-06,18
2018-07-07,15
2018-07-08,23
2018-07-09,27
2018-07-10,25
2018-07-11,13
2018-07-12,35
2018-07-13,57
2018-07-14,41
2018-07-15,41
2018-07-16,52
2018-07-17,45
2018-07-18,25
2018-07-19,26
2018-07-20,31
2018-07-21,26
2018-07-22,30
2018-07-23,40
2018-07-24,46
2018-07-25,56
2018-07-26,54
2018-07-27,45
2018-07-28,39
2018-07-29,56
2018-07-30,62
2018-07-31,39
2018-08-01,24
2018-08-02,15
2018-08-03,23
2018-08-04,25
2018-08-05,42
2018-08-06,32
2018-08-07,40
2018-08-08,57
2018-08-09,54
2018-08-10,43
2018-08-11,19
2018-08-12,31
2018-08-13,67
2018-08-14,153
2018-08-15,151
2018-08-16,70
2018-08-17,59
2018-08-18,74
2018-08-19,101
2018-08-20,157
2018-08-21,175
2018-08-22,172
2018-08-23,88
2018-08-24,111
2018-08-25,115
2018-08-26,62
2018-08-27,48
2018-08-28,58
2018-08-29,52
2018-08-30,22
2018-08-31,20
2018-09-01,24
2018-09-02,31
2018-09-03,16
2018-09-04,35
2018-09-05,58
2018-09-06,72
2018-09-08,23
2018-09-09,20
2018-09-10,35
2018-09-11,29
2018-09-12,26
2018-09-13,29
2018-09-14,23
2018-09-15,18
2018-09-16,17
2018-09-17,22
2018-09-18,27
2018-09-19,42
2018-09-20,21
2018-09-21,28
2018-09-22,18
2018-09-23,40
2018-09-24,42
2018-09-25,37
2018-09-26,37
2018-09-27,40
2018-09-28,36
2018-09-29,46
2018-09-30,45
2018-10-01,26
2018-10-02,25
2018-10-03,33
2018-10-04,38
2018-10-05,32
2018-10-06,46
2018-10-07,46
2018-10-08,57
2018-10-09,33
2018-10-10,59
2018-10-11,58
2018-10-12,58
2018-10-13,46
2018-10-14,40
2018-10-15,40
2018-10-16,56
2018-10-17,72
2018-10-18,75
2018-10-19,87
2018-10-20,70
2018-10-21,79
2018-10-22,81
2018-10-23,67
2018-10-24,59
2018-10-25,47
2018-10-26,41
2018-10-27,48
2018-10-28,23
2018-10-29,35
2018-10-30,50
2018-10-31,43
2018-11-01,35
2018-11-02,35
2018-11-03,34
2018-11-04,48
2018-11-05,38
2018-11-06,28
2018-11-07,30
2018-11-08,50
2018-11-09,56
2018-11-10,53
2018-11-11,36
2018-11-12,58
2018-11-13,54
2018-11-14,69
2018-11-15,43
2018-11-16,24
2018-11-17,25
2018-11-18,50
2018-11-19,69
2018-11-20,84
2018-11-21,58
2018-11-22,23
2018-11-23,14
2018-11-24,38
2018-11-25,45
2018-11-26,35
2018-11-27,22
2018-11-28,25
2018-11-29,31
2018-11-30,35
2018-12-01,28
2018-12-02,54
2018-12-03,24
2018-12-04,29
2018-12-05,30
2018-12-06,43
2018-12-07,41
2018-12-08,45
2018-12-09,29
2018-12-10,30
2018-12-11,23
2018-12-12,29
2018-12-13,29
2018-12-14,41
2018-12-15,13
2018-12-16,19
2018-12-17,13
2018-12-18,23
2018-12-19,34
2018-12-20,21
2018-12-21,41
2018-12-22,29
2018-12-23,15
2018-12-24,15
2018-12-25,33
2018-12-26,23
2018-12-27,42
2018-12-28,30
2018-12-29,14
2018-12-30,23
2018-12-31,37
2019-01-01,60
2019-01-02,48
2019-01-03,30
2019-01-04,21
2019-01-05,35
2019-01-06,19
2019-01-07,28
2019-01-08,36
2019-01-09,21
2019-01-10,15
2019-01-11,53
2019-01-12,63
2019-01-13,61
2019-01-14,56
2019-01-15,86
2019-01-16,66
2019-01-17,21
2019-01-18,18
2019-01-19,31
2019-01-20,30
2019-01-21,60
2019-01-22,23
2019-01-23,17
2019-01-24,44
2019-01-25,48
2019-01-26,50
2019-01-27,47
2019-01-28,28
2019-01-29,36
2019-01-30,62
2019-01-31,57
2019-02-01,40
2019-02-02,23
2019-02-03,20
2019-02-04,21
2019-02-05,46
2019-02-06,54
2019-02-07,40
2019-02-08,55
2019-02-09,24
2019-02-10,31
2019-02-11,21
2019-02-12,24
2019-02-13,32
2019-02-14,38
2019-02-15,29
2019-02-16,36
2019-02-17,46
2019-02-18,52
2019-02-19,31
2019-02-20,22
2019-02-21,40
2019-02-22,27
2019-02-23,23
2019-02-24,18
2019-02-25,16
2019-02-26,17
2019-02-27,26
2019-02-28,33
2019-03-01,30
2019-03-02,29
2019-03-03,11
2019-03-04,10
2019-03-05,17
2019-03-06,32
2019-03-07,29
2019-03-08,39
2019-03-09,45
2019-03-10,44
2019-03-11,35
2019-03-12,24
2019-03-13,39
2019-03-14,29
2019-03-15,41
2019-03-16,51
2019-03-17,40
2019-03-18,26
2019-03-19,32
2019-03-20,29
2019-03-21,33
2019-03-22,34
2019-03-23,36
2019-03-24,38
2019-03-25,35
2019-03-26,21
2019-03-27,18
2019-03-28,29
2019-03-29,41
2019-03-30,30
2019-03-31,47
2019-04-01,40
2019-04-02,32
2019-04-03,31
2019-04-04,36
2019-04-05,24
2019-04-06,23
2019-04-07,20
2019-04-13,17
2019-04-14,16
2019-04-15,11
2019-04-16,25
2019-04-17,12
2019-04-18,16
2019-04-19,15
2019-04-20,24
2019-04-21,30
2019-04-22,28
2019-04-23,23
2019-04-24,28
2019-04-25,27
2019-04-26,34
2019-04-27,15
2019-04-28,15
2019-04-29,9
2019-04-30,19
2019-05-01,29
2019-05-02,28
2019-05-03,36
2019-05-04,26
2019-05-05,26
2019-05-06,33
2019-05-07,30
2019-05-08,45
2019-05-09,30
2019-05-10,48
2019-05-11,54
2019-05-12,28
2019-05-13,36
2019-05-14,25
2019-05-15,23
2019-05-16,40
2019-05-17,18
2019-05-18,21
2019-05-19,23
2019-05-20,17
2019-05-21,22
2019-05-22,46
2019-05-23,52
2019-05-24,28
2019-05-25,18
2019-05-26,35
2019-05-27,46
2019-05-28,46
2019-05-29,41
2019-05-30,52
2019-05-31,54
2019-06-01,41
2019-06-02,33
2019-06-03,30
2019-06-04,28
2019-06-05,18
2019-06-06,19
2019-06-07,15
2019-06-08,12
2019-06-09,9
2019-06-10,17
2019-06-11,25
2019-06-12,47
2019-06-13,42
2019-06-14,24
2019-06-15,36
2019-06-16,28
2019-06-17,27
2019-06-18,15
2019-06-19,21
2019-06-20,16
2019-06-22,20
2019-06-23,18
2019-06-24,18
2019-06-25,25
2019-06-26,20
2019-06-27,16
2019-06-28,18
2019-06-29,22
2019-06-30,23
2019-07-01,29
2019-07-02,20
2019-07-03,31
2019-07-04,31
2019-07-05,32
2019-07-06,16
2019-07-07,16
2019-07-08,30
2019-07-09,40
2019-07-10,21
2019-07-11,23
2019-07-12,29
2019-07-13,19
2019-07-14,21
2019-07-15,21
2019-07-16,29
2019-07-17,13
2019-07-18,15
2019-07-19,22
2019-07-20,20
2019-07-21,30
2019-07-22,25
2019-07-23,24
2019-07-24,18
2019-07-25,21
2019-07-26,20
2019-07-27,12
2019-07-28,15
2019-07-29,34
2019-07-30,28
2019-07-31,33
2019-08-01,21
2019-08-02,24
2019-08-03,40
2019-08-04,45
2019-08-05,54
2019-08-06,48
2019-08-07,33
2019-08-08,25
2019-08-09,30
2019-08-10,30
2019-08-11,17
2019-08-12,20
2019-08-13,26
2019-08-14,30
2019-08-15,28
2019-08-16,31
2019-08-17,25
2019-08-18,20
2019-08-19,18
2019-08-20,33
2019-08-21,22
2019-08-22,37
2019-08-23,38
2019-08-24,25
2019-08-25,27
2019-08-26,35
2019-08-27,33
2019-08-28,39
2019-08-29,38
2019-08-30,28
2019-08-31,29
2019-09-01,19
2019-09-02,20
2019-09-03,39
2019-09-04,28
2019-09-05,35
2019-09-06,40
2019-09-07,29
2019-09-08,9
2019-09-09,13
2019-09-10,21
2019-09-11,25
2019-09-12,19
2019-09-13,18
2019-09-14,13
2019-09-15,14
2019-09-16,25
2019-09-17,9
2019-09-18,22
2019-09-19,39
2019-09-20,28
2019-09-21,24
2019-09-22,19
2019-09-23,26
2019-09-24,32
2019-09-25,38
2019-09-26,24
2019-09-27,16
2019-09-28,7
2019-09-29,5
2019-09-30,6
2019-10-01,23
2019-10-02,33
2019-10-03,20
2019-10-04,18
2019-10-05,27
2019-10-06,21
2019-10-08,14
2019-10-09,17
2019-10-10,24
2019-10-11,36
2019-10-12,48
2019-10-13,45
2019-10-14,44
2019-10-15,56
2019-10-16,43
2019-10-17,25
2019-10-18,25
2019-10-19,13
2019-10-20,15
2019-10-21,29
2019-10-22,25
2019-10-23,22
2019-10-24,53
2019-10-25,37
2019-10-26,30
2019-10-27,18
2019-10-28,32
2019-10-29,15
2019-10-30,25
2019-10-31,58
2019-11-01,52
2019-11-02,55
2019-11-03,54
2019-11-04,51
2019-11-05,42
2019-11-06,45
2019-11-07,53
2019-11-08,57
2019-11-09,39
2019-11-10,37
2019-11-11,41
2019-11-12,38
2019-11-13,36
2019-11-14,58
2019-11-15,31
2019-11-16,30
2019-11-17,24
2019-11-18,19
2019-11-19,23
2019-11-20,28
2019-11-21,55
2019-11-22,66
2019-11-23,54
2019-11-24,27
2019-11-25,18
2019-11-26,11
2019-11-27,18
2019-11-28,19
2019-11-29,35
2019-11-30,45
2019-12-01,24
2019-12-02,53
2019-12-03,43
2019-12-04,43
2019-12-05,49
2019-12-06,54
2019-12-07,26
2019-12-08,30
2019-12-09,26
2019-12-10,37
2019-12-11,26
2019-12-12,25
2019-12-13,17
2019-12-14,24
2019-12-15,24
2019-12-16,20
2019-12-17,54
2019-12-18,56
2019-12-19,20
2019-12-20,22
2019-12-21,10
2019-12-22,13
2019-12-23,18
2019-12-24,35
2019-12-25,42
2019-12-26,53
2019-12-27,35
2019-12-28,38
2019-12-29,30
2019-12-30,16
2019-12-31,14
2020-01-01,11
2020-01-02,18
2020-01-03,25
2020-01-04,17
2020-01-05,9
2020-01-06,6
2020-01-07,10
2020-01-08,17
2020-01-09,33
2020-01-10,10
2020-01-11,19
2020-01-12,9
2020-01-13,23
2020-01-14,16
2020-01-15,4
2020-01-16,18
2020-01-17,19
2020-01-18,6
2020-01-19,24
2020-01-20,38
2020-01-21,20
2020-01-22,13
2020-01-23,15
2020-01-24,15
2020-01-25,18
2020-01-26,13
2020-01-27,12
2020-01-28,15
2020-01-29,21
2020-01-30,26
2020-01-31,11
2020-02-01,11
2020-02-02,27
2020-02-03,20
2020-02-04,25
2020-02-05,13
2020-02-06,19
2020-02-07,18
2020-02-08,13
2020-02-09,27
2020-02-10,41
2020-02-11,41
2020-02-12,31
2020-02-13,26
2020-02-14,14
2020-02-15,9
2020-02-16,17
2020-02-17,21
2020-02-18,19
2020-02-19,30
2020-02-20,47
2020-02-21,39
2020-02-22,23
2020-02-23,22
2020-02-24,26
2020-02-25,38
2020-02-26,31
2020-02-27,32
2020-02-28,32
2020-02-29,19
2020-03-01,29
2020-03-02,18
2020-03-03,5
2020-03-04,27
2020-03-05,27
2020-03-06,21
2020-03-07,24
2020-03-08,20
2020-03-09,32
2020-03-10,18
2020-03-11,18
2020-03-12,30
2020-03-13,20
2020-03-14,19
2020-03-15,10
2020-03-16,25
2020-03-17,49
2020-03-18,56
2020-03-19,62
2020-03-20,53
2020-03-21,52
2020-03-22,52
2020-03-23,11
2020-03-24,9
2020-03-25,19
2020-03-26,29
2020-03-27,18
2020-03-28,5
2020-03-29,4
2020-03-30,11
2020-03-31,12
2020-04-01,15
2020-04-02,18
2020-04-03,10
2020-04-04,13
2020-04-05,14
2020-04-06,18
2020-04-07,29
2020-04-08,37
2020-04-09,39
2020-04-10,38
2020-04-11,19
2020-04-12,23
2020-04-13,26
2020-04-14,27
2020-04-15,13
2020-04-16,24
2020-04-17,26
2020-04-18,19
2020-04-19,10
2020-04-20,26
2020-04-21,10
2020-04-22,10
2020-04-23,17
2020-04-24,21
2020-04-25,25
2020-04-26,22
2020-05-01,22
2020-05-02,22
2020-05-03,6
2020-05-04,19
2020-05-05,16
2020-05-06,15
2020-05-07,15
2020-05-08,17
2020-05-09,12
2020-05-10,34
2020-05-11,29
2020-05-12,24
2020-05-13,10
2020-05-14,12
2020-05-15,11
2020-05-16,23
2020-05-17,9
2020-05-18,19
2020-05-19,14
2020-05-20,11
2020-05-21,6
2020-05-22,19
2020-05-23,15
2020-05-24,28
2020-05-25,16
2020-05-26,7
2020-05-27,30
2020-05-28,33
2020-05-29,27
2020-05-30,20
2020-05-31,10
2020-06-01,19
2020-06-02,20
2020-06-03,15
2020-06-04,12
2020-06-05,17
2020-06-06,8
2020-06-07,12
2020-06-08,15
2020-06-09,10
2020-06-10,15
2020-06-11,15
2020-06-12,15
2020-06-13,4
2020-06-14,8
2020-06-15,11
2020-06-16,17
2020-06-17,23
2020-06-18,19
2020-06-19,32
2020-06-20,13
2020-06-21,9
2020-06-22,12
2020-06-23,8
2020-06-24,18
2020-06-25,154
2020-06-26,23
2020-06-27,5
2020-06-28,12
2020-06-29,23
2020-06-30,18
2020-07-01,16
2020-07-02,30
2020-07-03,13
2020-07-04,34
2020-07-05,56
2020-07-06,16
2020-07-07,10
2020-07-08,23
2020-07-09,17
2020-07-10,19
2020-07-11,15
2020-07-12,7
2020-07-13,10
2020-07-14,21
2020-07-15,20
2020-07-16,24
2020-07-17,15
2020-07-18,21
2020-07-19,30
2020-07-20,32
2020-07-21,34
2020-07-22,12
2020-07-23,18
2020-07-24,22
2020-07-25,15
2020-07-26,25
2020-07-27,38
2020-08-05,40
2020-08-06,15
2020-08-07,34
2020-08-08,66
2020-08-09,26
2020-08-10,30
2020-08-11,42
2020-08-12,35
2020-08-13,38
2020-08-14,38
2020-08-15,38
2020-08-16,55
2020-08-17,29
2020-08-18,23
2020-08-19,30
2020-08-20,20
2020-08-21,16
2020-08-22,25
2020-08-23,25
2020-08-24,23
2020-08-25,32
2020-08-26,25
2020-08-27,28
2020-08-28,20
2020-08-29,31
2020-08-30,42
2020-08-31,27
2020-09-01,34
2020-09-02,32
2020-09-03,27
2020-09-04,39
2020-09-05,42
2020-09-06,43
2020-09-07,56
2020-09-08,149
2020-09-09,99
2020-09-10,108
2020-09-11,190
2020-09-12,198
2020-09-13,207
2020-09-14,229
2020-09-15,228
2020-09-16,175
2020-09-17,159
2020-09-18,124
2020-09-19,19
2020-09-20,26
2020-09-21,42
2020-09-22,27
2020-09-23,19
2020-09-24,26
2020-09-25,23
2020-09-26,25
2020-09-27,22
2020-09-28,19
2020-09-29,43
2020-09-30,61
2020-10-01,64
2020-10-02,68
2020-10-03,57
2020-10-04,37
2020-10-05,46
2020-10-06,48
2020-10-07,52
2020-10-08,24
2020-10-09,20
2020-10-10,12
2020-10-11,14
2020-10-12,26
2020-10-13,23
2020-10-14,30
2020-10-15,39
2020-10-16,21
2020-10-17,31
2020-10-18,9
2020-10-19,15
2020-10-20,30
2020-10-21,34
2020-10-22,41
2020-10-23,31
2020-10-24,20
2020-10-25,37
2020-10-26,38
2020-10-27,44
2020-10-28,33
2020-10-29,34
2020-10-30,26
2020-10-31,31
2020-11-01,52
2020-11-02,59
2020-11-03,50
2020-11-04,13
2020-11-05,26
2020-11-06,21
2020-11-07,41
2020-11-08,20
2020-11-09,44
2020-11-10,31
2020-11-11,36
2020-11-12,33
2020-11-13,14
2020-11-14,22
2020-11-15,17
2020-11-16,23
2020-11-17,25
2020-11-18,19
2020-11-19,24
2020-11-20,25
2020-11-21,48
2020-11-22,60
2020-11-23,32
2020-11-24,18
2020-11-25,34
2020-11-26,23
2020-11-27,15
2020-11-28,32
2020-11-29,55
2020-11-30,36
2020-12-01,31
2020-12-02,49
2020-12-03,65
2020-12-04,67
2020-12-05,60
2020-12-06,34
2020-12-07,30
2020-12-08,24
2020-12-09,26
2020-12-10,26
2020-12-11,33
2020-12-12,29
2020-12-13,22
2020-12-14,36
2020-12-15,17
2020-12-16,15
2020-12-17,22
2020-12-18,18
2020-12-19,18
2020-12-20,23
2020-12-21,19
2020-12-22,33
2020-12-23,33
2020-12-24,73
2020-12-25,60
2020-12-26,18
2020-12-27,38
2020-12-28,26
2020-12-29,47
2020-12-30,21
2020-12-31,17
2021-01-01,23
2021-01-02,5
2021-01-03,13
2021-01-04,9
2021-01-05,12
2021-01-06,25
2021-01-07,36
2021-01-08,29
2021-01-09,29
2021-01-10,34
2021-01-11,13
2021-01-12,7
2021-01-13,36
2021-01-14,32
2021-01-15,34
2021-01-16,47
2021-01-17,44
2021-01-18,27
2021-01-19,53
2021-01-20,65
2021-01-21,40
2021-01-22,21
2021-01-23,55
2021-01-24,27
2021-01-25,29
2021-01-26,15
2021-01-27,15
2021-01-28,18
2021-01-29,45
2021-01-30,23
2021-01-31,23
2021-02-01,17
2021-02-02,11
2021-02-03,15
2021-02-04,16
2021-02-05,11
2021-02-06,10
2021-02-07,19
2021-02-08,29
2021-02-09,20
2021-02-10,50
2021-02-11,16
2021-02-12,22
2021-02-13,29
2021-02-14,20
2021-02-15,17
2021-02-16,27
2021-02-17,25
2021-02-18,26
2021-02-19,20
2021-02-20,14
2021-02-21,4
2021-02-22,10
2021-02-23,15
2021-02-24,37
2021-02-25,20
2021-02-26,17
2021-02-27,32
2021-02-28,17
2021-03-01,28
2021-03-02,18
2021-03-03,53
2021-03-04,46
2021-03-05,30
2021-03-06,16
2021-03-07,13
2021-03-08,26
2021-03-09,33
2021-03-10,27
2021-03-11,33
2021-03-12,56
2021-03-13,56
2021-03-14,43
2021-03-15,16
2021-03-16,40
2021-03-17,50
2021-03-18,40
2021-03-19,16
2021-03-20,15
2021-03-21,14
2021-03-22,15
2021-03-23,34
2021-03-24,4
2021-03-25,18
2021-03-26,36
2021-03-27,45
2021-03-28,14
2021-03-29,23
2021-03-30,38
2021-03-31,33
2021-04-01,53
2021-04-02,34
2021-04-03,38
2021-04-04,5
2021-04-05,32
2021-04-06,35
2021-04-07,15
2021-04-08,15
2021-04-09,19
2021-04-10,10
2021-04-11,17
2021-04-12,15
2021-04-13,12
2021-04-14,13
2021-04-15,30
2021-04-16,39
2021-04-17,52
2021-04-18,66
2021-04-19,37
2021-04-20,38
2021-04-21,43
2021-04-22,38
2021-04-23,34
2021-04-24,18
2021-04-25,9
2021-04-26,16
2021-04-27,20
2021-04-28,23
2021-04-29,25
2021-04-30,18
2021-05-01,15
2021-05-02,15
2021-05-03,18
2021-05-04,19
2021-05-05,27
2021-05-06,23
2021-05-07,14
2021-05-08,17
2021-05-09,13
2021-05-10,15
2021-05-11,21
2021-05-12,10
2021-05-13,15
2021-05-14,20
2021-05-15,28
2021-05-16,36
2021-05-17,15
2021-05-18,12
2021-05-19,11
2021-05-20,27
2021-05-21,35
2021-05-22,36
2021-05-23,13
2021-05-24,18
2021-05-25,17
2021-05-26,14
2021-05-27,16
2021-05-28,17
2021-05-29,15
2021-05-30,30
2021-05-31,30
2021-06-01,28
2021-06-02,33
2021-06-03,22
2021-06-04,17
2021-06-05,7
2021-06-06,9
2021-06-07,10
2021-06-08,17
2021-06-09,15
2021-06-10,14
2021-06-11,20
2021-06-12,25
2021-06-13,27
2021-06-19,24
2021-06-20,20
2021-06-21,32
2021-06-22,36
2021-06-23,24
2021-06-24,30
2021-06-25,40
2021-06-26,55
2021-06-27,67
2021-06-28,81
2021-06-30,35
2021-07-01,31
2021-07-02,52
2021-07-03,45
2021-07-04,42
2021-07-05,39
2021-07-06,36
2021-07-07,25
2021-07-08,33
2021-07-09,35
2021-07-10,31
2021-07-11,25
2021-07-12,32
2021-07-13,43
2021-07-14,43
2021-07-15,28
2021-07-16,16
2021-07-17,12
2021-07-18,15
2021-07-19,25
2021-07-20,14
2021-07-21,20
2021-07-22,13
2021-07-23,18
2021-07-24,11
2021-07-25,18
2021-07-26,14
2021-07-27,23
2021-07-28,27
2021-07-29,28
2021-07-30,35
2021-07-31,33
2021-08-01,32
2021-08-02,40
2021-08-03,46
2021-08-04,23
2021-08-05,20
2021-08-06,24
2021-08-07,11
2021-08-08,29
2021-08-09,29
2021-08-10,22
2021-08-11,24
2021-08-12,72
2021-08-13,128
2021-08-14,52
2021-08-15,33
2021-08-16,35
2021-08-17,34
2021-08-18,49
2021-08-19,43
2021-08-20,16
2021-08-21,18
2021-08-22,29
2021-08-23,33
2021-08-24,33
2021-08-25,47
2021-08-26,20
2021-08-27,21
2021-08-28,25
2021-08-29,17
2021-08-30,25
2021-08-31,19
2021-09-01,20
2021-09-02,35
2021-09-03,47
2021-09-04,33
2021-09-05,21
2021-09-06,20
2021-09-07,32
2021-09-08,31
2021-09-09,31
2021-09-10,18
2021-09-11,20
2021-09-12,17
2021-09-13,22
2021-09-14,36
2021-09-15,20
2021-09-16,28
2021-09-17,36
2021-09-18,20
2021-09-19,25
2021-09-20,27
2021-09-21,33
2021-09-22,38
2021-09-23,28
2021-09-24,37
2021-09-25,46
2021-09-26,27
2021-09-27,18
2021-09-28,22
2021-09-29,32
2021-09-30,32
2021-10-01,27
2021-10-02,43
2021-10-03,23
2021-10-04,30
2021-10-05,28
2021-10-06,15
2021-10-07,22
2021-10-08,52
2021-10-09,29
2021-10-10,21
2021-10-11,27
2021-10-12,29
2021-10-13,40
2021-10-14,17
2021-10-15,30
2021-10-16,23
2021-10-17,21
2021-10-18,16
2021-10-19,41
2021-10-20,32
2021-10-21,18
2021-10-22,30
2021-10-23,25
2021-10-24,10
2021-10-25,14
2021-10-26,18
2021-10-27,29
2021-10-28,11
2021-10-29,15
2021-10-30,22
2021-10-31,52
2021-11-01,55
2021-11-02,37
2021-11-03,45
2021-11-04,20
2021-11-05,33
2021-11-06,11
2021-11-07,10
2021-11-08,17
2021-11-09,24
2021-11-10,36
2021-11-11,10
2021-11-12,22
2021-11-13,40
2021-11-14,2
2021-11-15,11
2021-11-16,23
2021-11-17,38
2021-11-18,34
2021-11-19,20
2021-11-20,44
2021-11-21,58
2021-11-22,54
2021-11-23,25
2021-11-24,33
2021-11-25,36
2021-11-26,19
2021-11-27,22
2021-11-28,9
2021-11-29,18
2021-11-30,13
2021-12-01,12
2021-12-02,18
2021-12-03,31
2021-12-04,36
2021-12-05,35
2021-12-06,26
2021-12-07,18
2021-12-08,15
2021-12-09,28
2021-12-10,16
2021-12-11,9
2021-12-12,13
2021-12-13,28
2021-12-14,17
2021-12-15,15
2021-12-16,25
2021-12-17,43
2021-12-18,19
2021-12-19,29
2021-12-20,20
2021-12-21,28
2021-12-22,23
2021-12-23,10
2021-12-24,13
2021-12-25,18
2021-12-26,20
2021-12-27,28
2021-12-28,23
2021-12-29,25
2021-12-30,22
2021-12-31,45
2022-01-01,55
2022-01-02,30
2022-01-03,19
2022-01-04,26
2022-01-05,14
2022-01-06,18
2022-01-07,18
2022-01-08,31
2022-01-09,54
2022-01-10,52
2022-01-11,24
2022-01-12,35
2022-01-13,35
2022-01-14,40
2022-01-15,55
2022-01-16,40
2022-01-17,49
2022-01-18,25
2022-01-19,27
2022-01-20,17
2022-01-21,40
2022-01-22,30
2022-01-23,37
2022-01-24,43
2022-01-25,47
2022-01-26,43
2022-01-27,56
2022-01-28,60
2022-01-29,43
2022-01-30,38
2022-01-31,22
2022-02-01,30
2022-02-02,28
2022-02-03,34
2022-02-04,20
2022-02-05,28
2022-02-06,54
2022-02-07,39
2022-02-08,34
2022-02-09,53
2022-02-10,29
2022-02-11,25
2022-02-12,41
2022-02-13,63
2022-02-14,34
2022-02-15,51
2022-02-16,46
2022-02-17,33
2022-02-18,38
2022-02-19,19
2022-02-20,18
2022-02-21,21
2022-02-22,25
2022-02-23,54
2022-02-24,43
2022-02-25,52
2022-02-26,39
2022-02-27,18
2022-02-28,16
2022-03-01,22
2022-03-02,29
2022-03-03,23
2022-03-04,24
2022-03-05,34
2022-03-06,55
2022-03-07,49
2022-03-08,47
2022-03-09,27
2022-03-10,40
2022-03-11,31
2022-03-12,38
2022-03-13,17
2022-03-14,33
2022-03-15,27
2022-03-16,29
2022-03-17,30
2022-03-18,25
2022-03-19,20
2022-03-20,23
2022-03-21,21
2022-03-22,25
2022-03-23,27
2022-03-24,20
2022-03-25,34
2022-03-26,39
2022-03-27,33
2022-03-28,21
2022-03-29,28
2022-03-30,14
2022-03-31,15
2022-04-01,15
2022-04-02,16
2022-04-03,20
2022-04-04,23
2022-04-05,24
2022-04-06,25
2022-04-07,43
2022-04-08,13
2022-04-09,15
2022-04-10,8
2022-04-11,13
2022-04-12,22
2022-04-13,19
2022-04-14,28
2022-04-15,19
2022-04-16,16
2022-04-17,10
2022-04-18,25
2022-04-19,17
2022-04-20,17
2022-04-21,18
2022-04-22,27
2022-04-23,33
2022-04-24,29
2022-04-25,35
2022-04-26,19
2022-04-27,22
2022-04-28,25
2022-04-29,16
2022-04-30,20
2022-05-01,35
2022-05-02,24
2022-05-03,20
2022-05-04,29
2022-05-05,21
2022-05-06,23
2022-05-07,15
2022-05-08,12
2022-05-09,11
2022-05-10,19
2022-05-11,14
2022-05-12,11
2022-05-13,17
2022-05-14,20
2022-05-15,20
2022-05-16,15
2022-05-17,20
2022-05-18,23
2022-05-19,18
2022-05-20,28
2022-05-21,20
2022-05-22,18
2022-05-23,26
2022-05-24,18
2022-05-25,13
2022-05-26,29
2022-05-27,15
2022-05-28,23
2022-05-29,17
2022-05-30,18
2022-05-31,31
2022-06-01,33
2022-06-02,43
2022-06-03,24
2022-06-04,19
2022-06-05,6
2022-06-06,11
2022-06-07,16
2022-06-08,19
2022-06-09,24
2022-06-10,17
2022-06-11,11
2022-06-12,15
2022-06-13,15
2022-06-14,18
2022-06-15,30
2022-06-16,30
2022-06-17,24
2022-06-18,16
2022-06-19,18
2022-06-20,28
2022-06-21,34
2022-06-22,18
2022-06-23,20
2022-06-24,17
2022-06-25,21
2022-06-26,33
2022-06-27,48
2022-06-28,18
2022-06-29,15
2022-06-30,23
2022-07-01,31
2022-07-02,30
2022-07-03,25
2022-07-04,29
2022-07-05,45
2022-07-06,38
2022-07-07,20
2022-07-08,20
2022-07-09,18
2022-07-10,18
2022-07-11,15
2022-07-12,23
2022-07-13,21
2022-07-14,29
2022-07-15,23
2022-07-16,10
2022-07-17,13
2022-07-18,28
2022-07-19,20
2022-07-20,30
2022-07-21,35
2022-07-22,20
2022-07-23,28
2022-07-24,33
2022-07-25,44
2022-07-26,52
2022-07-27,53
2022-07-28,43
2022-07-29,54
2022-07-30,56
2022-07-31,51
2022-08-01,21
2022-08-02,27
2022-08-03,22
2022-08-12,35
2022-08-13,18
2022-08-14,23
2022-08-15,37
2022-08-16,32
2022-08-17,28
2022-08-18,62
2022-08-19,40
2022-08-20,20
2022-08-21,23
2022-08-22,31
2022-08-23,33
2022-08-24,48
2022-08-25,57
2022-08-26,24
2022-08-27,32
2022-08-28,36
2022-08-29,26
2022-08-30,48
2022-08-31,52
2022-09-01,38
2022-09-02,43
2022-09-03,17
2022-09-04,19
2022-09-05,19
2022-09-06,31
2022-09-07,25
2022-09-08,28
2022-09-09,53
2022-09-10,123
2022-09-11,88
2022-09-12,72
2022-09-13,58
2022-09-14,57
2022-09-15,54
2022-09-16,25
2022-09-17,23
2022-09-18,22
2022-09-19,44
2022-09-20,35
2022-09-21,77
2022-09-22,38
2022-09-24,30
2022-09-25,40
2022-09-26,67
2022-09-27,69
2022-09-28,37
2022-09-29,31
2022-09-30,32
2022-10-01,53
2022-10-02,68
2022-10-03,75
2022-10-04,56
2022-10-05,60
2022-10-06,75
2022-10-07,85
2022-10-08,84
2022-10-09,85
2022-10-10,75
2022-10-13,90
2022-10-14,79
2022-10-15,129
2022-10-16,88
2022-10-17,67
2022-10-18,92
2022-10-19,175
2022-10-20,178
2022-10-21,31
